strategy,variant,horizon,median_yearly_alpha,sharpe,trade_count
Hybrid,breakout_20d,8,0.06348903902036518,0.4319651187278057,144
Hybrid,breakout_20d,10,0.04097030722081296,0.39166839626394473,144
Hybrid,breakout_20d,13,0.07203129811184539,0.4280131971678717,144
Hybrid,breakout_20d,16,0.06013860862397247,0.47259571475654105,144
Hybrid,breakout_20d,20,0.08884169869446656,0.4939851252210581,144
