strategy,variant,horizon,median_yearly_alpha,sharpe,trade_count
Hybrid,ma5_gt_ma10_gt_ma20,10,0.04618245007401395,0.4022608198738811,145
Hybrid,ma5_gt_ma10_gt_ma20,13,0.0878220072347044,0.45075134525104177,145
