strategy,variant,horizon,median_yearly_alpha,sharpe,trade_count
Hybrid,ma5_gt_ma10_gt_ma20,8,0.05105012551356913,0.44913736777922564,165
Hybrid,ma5_gt_ma10_gt_ma20,10,0.04618245007401395,0.4244852834160407,165
Hybrid,ma5_gt_ma10_gt_ma20,13,0.08609112013256198,0.4418592648568459,165
Hybrid,ma5_gt_ma10_gt_ma20,16,0.06599120561340366,0.47020927985651906,165
Hybrid,ma5_gt_ma10_gt_ma20,20,0.0846138012965324,0.4820002797195764,165
