strategy,variant,horizon,median_yearly_alpha,sharpe,trade_count
Hybrid,pp_proxy_v1,8,0.042141145430126925,0.40149625520845206,117
Hybrid,pp_proxy_v1,10,0.047321063405609376,0.44417720220823353,117
Hybrid,pp_proxy_v1,13,0.044253159642378914,0.4479184807544916,117
