strategy,variant,horizon,median_yearly_alpha,sharpe,trade_count
FA_only,FA_only,8,0.035505309690226916,0.3987402614549467,175
FA_only,FA_only,10,0.025472349760805535,0.3853034323089407,175
FA_only,FA_only,13,0.060166983476950486,0.40951576393996597,175
Hybrid,breakout_20d,8,0.06039098328350906,0.42944887224588385,111
Hybrid,breakout_20d,10,0.024381866204772562,0.3864479963976109,111
Hybrid,breakout_20d,13,0.07226327612537775,0.4715062395354549,111
