year,dist20,breadth_ma50,breadth_ma20,nh20_pct
2018,3.592741935483871,0.30830769230769234,0.4233846153846154,0.04953846153846154
2019,3.844,0.3843076923076923,0.41046153846153843,0.047692307692307694
2020,3.007936507936508,0.6465201465201466,0.6547619047619048,0.11507936507936507
2021,2.852,0.7605897435897436,0.645974358974359,0.10710256410256411
2022,4.140562248995984,0.37349397590361444,0.4476367006487489,0.04911955514365153
2023,3.253012048192771,0.6716095149830089,0.6138399752857584,0.08032128514056225
2024,3.06,0.5033846153846154,0.5012307692307693,0.04492307692307693
2025,2.9156626506024095,0.6081689394942407,0.563595039498654,0.08087294231872545
2026,4.9375,0.7309523809523809,0.6761904761904761,0.09761904761904762
